Beltran Golthorpp,62-(795)666-8038,Innovative object-oriented archive
Wallace Murkus,30-(459)557-0318,Stand-alone zero tolerance leverage
Ruddy Graham,351-(924)223-4320,Digitized empowering project
Freddie Voysey,62-(672)326-9255,Compatible hybrid installation
Virgie Bengle,86-(228)393-2760,Balanced high-level software
Cass Busain,1-(519)728-3497,Operative human-resource attitude
Rivkah Ramet,86-(772)926-4565,Business-focused full-range software
Manya Oakey,355-(234)337-9727,Synergistic systematic product
Cody Yurivtsev,46-(620)715-3307,Upgradable interactive contingency
Bob,86-(419)962-9996,Pre-emptive impactful matrix
